id,match,name,score,type,type_id,input_value
Q66505125,True,immune system,50.0,[],,Immune system
Q11498334,True,Zygote,50.0,[],,Zygote
Q6140833,True,Kidney,50.0,[],,Kidney
Q25615,True,connective tissue,50.0,[],,Connective tissue
Q11893325,True,Connective tissue,50.0,[],,Connective tissue
Q66505125,True,immune system,50.0,[],,Immune system
Q7873,True,blood,50.0,[],,Blood
Q494268,True,blood,50.0,[],,Blood
Q66505125,True,immune system,50.0,[],,Immune system
Q1409015,True,heart,50.0,[],,Heart
Q5691852,True,Heart,50.0,[],,Heart
Q6140977,True,Liver,50.0,[],,Liver
Q7873,True,blood,50.0,[],,Blood
Q494268,True,blood,50.0,[],,Blood
Q9618,True,pancreas,100.0,gland,Q9647,Pancreas
Q66505125,True,immune system,50.0,[],,Immune system
Q25615,True,connective tissue,50.0,[],,Connective tissue
Q11893325,True,Connective tissue,50.0,[],,Connective tissue
Q1155702,True,skin,50.0,[],,Skin
Q7535317,True,skin,50.0,[],,Skin
Q97671426,True,Skin,50.0,[],,Skin
Q66505125,True,immune system,50.0,[],,Immune system
Q6140977,True,Liver,50.0,[],,Liver
Q85782674,True,Lungs,50.0,[],,Lungs
Q6140833,True,Kidney,50.0,[],,Kidney
Q9618,True,pancreas,100.0,gland,Q9647,Pancreas
Q7873,True,blood,50.0,[],,Blood
Q494268,True,blood,50.0,[],,Blood
Q66505125,True,immune system,50.0,[],,Immune system
Q6140833,True,Kidney,50.0,[],,Kidney
Q1409015,True,heart,50.0,[],,Heart
Q5691852,True,Heart,50.0,[],,Heart
Q67208213,True,Thymus,50.0,[],,Thymus
Q9355635,True,Thyroid,50.0,[],,Thyroid
Q11835644,True,thyroiditis,41.0,[],,Thyroid
Q9618,True,pancreas,100.0,gland,Q9647,Pancreas
Q6140977,True,Liver,50.0,[],,Liver
Q85782674,True,Lungs,50.0,[],,Lungs
Q6140977,True,Liver,50.0,[],,Liver
Q6140833,True,Kidney,50.0,[],,Kidney
Q96377210,True,Embryo,50.0,[],,Embryo
Q25615,True,connective tissue,50.0,[],,Connective tissue
Q11893325,True,Connective tissue,50.0,[],,Connective tissue
Q66505125,True,immune system,50.0,[],,Immune system
Q66505125,True,immune system,50.0,[],,Immune system
Q96377210,True,Embryo,50.0,[],,Embryo
Q9618,True,pancreas,100.0,gland,Q9647,Pancreas
Q6140977,True,Liver,50.0,[],,Liver
Q1409015,True,heart,50.0,[],,Heart
Q5691852,True,Heart,50.0,[],,Heart
Q6140977,True,Liver,50.0,[],,Liver
Q1155702,True,skin,50.0,[],,Skin
Q7535317,True,skin,50.0,[],,Skin
Q97671426,True,Skin,50.0,[],,Skin
Q1155702,True,skin,50.0,[],,Skin
Q7535317,True,skin,50.0,[],,Skin
Q97671426,True,Skin,50.0,[],,Skin
Q6140833,True,Kidney,50.0,[],,Kidney
Q189961,True,mammary gland,50.0,[],,Mammary gland
Q6140833,True,Kidney,50.0,[],,Kidney
Q66505125,True,immune system,50.0,[],,Immune system
Q9618,True,pancreas,100.0,gland,Q9647,Pancreas
Q1212935,True,placenta,100.0,organ,Q712378,Placenta
Q9618,True,pancreas,100.0,gland,Q9647,Pancreas
Q85782674,True,Lungs,50.0,[],,Lungs
Q189961,True,mammary gland,50.0,[],,Mammary gland
Q85782674,True,Lungs,50.0,[],,Lungs
Q96377210,True,Embryo,50.0,[],,Embryo
Q9618,True,pancreas,100.0,gland,Q9647,Pancreas
Q66505125,True,immune system,50.0,[],,Immune system
Q6140833,True,Kidney,50.0,[],,Kidney
Q66505125,True,immune system,50.0,[],,Immune system
Q65426278,True,Olfactory system,50.0,[],,Olfactory system
Q6140977,True,Liver,50.0,[],,Liver
Q85782674,True,Lungs,50.0,[],,Lungs
Q9618,True,pancreas,100.0,gland,Q9647,Pancreas
Q7873,True,blood,50.0,[],,Blood
Q494268,True,blood,50.0,[],,Blood
Q85782674,True,Lungs,50.0,[],,Lungs
Q66505125,True,immune system,50.0,[],,Immune system
Q66505125,True,immune system,50.0,[],,Immune system
Q1155702,True,skin,50.0,[],,Skin
Q7535317,True,skin,50.0,[],,Skin
Q97671426,True,Skin,50.0,[],,Skin
Q96377210,True,Embryo,50.0,[],,Embryo
Q66505125,True,immune system,50.0,[],,Immune system
Q11498334,True,Zygote,50.0,[],,Zygote
Q6140833,True,Kidney,50.0,[],,Kidney
Q25615,True,connective tissue,50.0,[],,Connective tissue
Q11893325,True,Connective tissue,50.0,[],,Connective tissue
Q66505125,True,immune system,50.0,[],,Immune system
Q7873,True,blood,50.0,[],,Blood
Q494268,True,blood,50.0,[],,Blood
Q66505125,True,immune system,50.0,[],,Immune system
Q1409015,True,heart,50.0,[],,Heart
Q5691852,True,Heart,50.0,[],,Heart
Q6140977,True,Liver,50.0,[],,Liver
Q7873,True,blood,50.0,[],,Blood
Q494268,True,blood,50.0,[],,Blood
Q9618,True,pancreas,100.0,gland,Q9647,Pancreas
Q66505125,True,immune system,50.0,[],,Immune system
Q25615,True,connective tissue,50.0,[],,Connective tissue
Q11893325,True,Connective tissue,50.0,[],,Connective tissue
Q1155702,True,skin,50.0,[],,Skin
Q7535317,True,skin,50.0,[],,Skin
Q97671426,True,Skin,50.0,[],,Skin
Q66505125,True,immune system,50.0,[],,Immune system
Q6140977,True,Liver,50.0,[],,Liver
Q85782674,True,Lungs,50.0,[],,Lungs
Q6140833,True,Kidney,50.0,[],,Kidney
Q9618,True,pancreas,100.0,gland,Q9647,Pancreas
Q7873,True,blood,50.0,[],,Blood
Q494268,True,blood,50.0,[],,Blood
Q66505125,True,immune system,50.0,[],,Immune system
Q6140833,True,Kidney,50.0,[],,Kidney
Q1409015,True,heart,50.0,[],,Heart
Q5691852,True,Heart,50.0,[],,Heart
Q67208213,True,Thymus,50.0,[],,Thymus
Q9355635,True,Thyroid,50.0,[],,Thyroid
Q11835644,True,thyroiditis,41.0,[],,Thyroid
Q9618,True,pancreas,100.0,gland,Q9647,Pancreas
Q6140977,True,Liver,50.0,[],,Liver
Q85782674,True,Lungs,50.0,[],,Lungs
Q6140977,True,Liver,50.0,[],,Liver
Q6140833,True,Kidney,50.0,[],,Kidney
Q96377210,True,Embryo,50.0,[],,Embryo
Q25615,True,connective tissue,50.0,[],,Connective tissue
Q11893325,True,Connective tissue,50.0,[],,Connective tissue
Q66505125,True,immune system,50.0,[],,Immune system
Q66505125,True,immune system,50.0,[],,Immune system
Q96377210,True,Embryo,50.0,[],,Embryo
Q9618,True,pancreas,100.0,gland,Q9647,Pancreas
Q6140977,True,Liver,50.0,[],,Liver
Q1409015,True,heart,50.0,[],,Heart
Q5691852,True,Heart,50.0,[],,Heart
Q6140977,True,Liver,50.0,[],,Liver
Q1155702,True,skin,50.0,[],,Skin
Q7535317,True,skin,50.0,[],,Skin
Q97671426,True,Skin,50.0,[],,Skin
Q1155702,True,skin,50.0,[],,Skin
Q7535317,True,skin,50.0,[],,Skin
Q97671426,True,Skin,50.0,[],,Skin
Q6140833,True,Kidney,50.0,[],,Kidney
Q189961,True,mammary gland,50.0,[],,Mammary gland
Q6140833,True,Kidney,50.0,[],,Kidney
Q66505125,True,immune system,50.0,[],,Immune system
Q9618,True,pancreas,100.0,gland,Q9647,Pancreas
Q66560269,True,placenta,50.0,[],,Placenta
Q9618,True,pancreas,100.0,gland,Q9647,Pancreas
Q85782674,True,Lungs,50.0,[],,Lungs
Q189961,True,mammary gland,50.0,[],,Mammary gland
Q85782674,True,Lungs,50.0,[],,Lungs
Q96377210,True,Embryo,50.0,[],,Embryo
Q9618,True,pancreas,100.0,gland,Q9647,Pancreas
Q66505125,True,immune system,50.0,[],,Immune system
Q6140833,True,Kidney,50.0,[],,Kidney
Q66505125,True,immune system,50.0,[],,Immune system
Q65426278,True,Olfactory system,50.0,[],,Olfactory system
Q6140977,True,Liver,50.0,[],,Liver
Q85782674,True,Lungs,50.0,[],,Lungs
Q9618,True,pancreas,100.0,gland,Q9647,Pancreas
Q7873,True,blood,50.0,[],,Blood
Q494268,True,blood,50.0,[],,Blood
Q85782674,True,Lungs,50.0,[],,Lungs
Q66505125,True,immune system,50.0,[],,Immune system
Q66505125,True,immune system,50.0,[],,Immune system
Q1155702,True,skin,50.0,[],,Skin
Q7535317,True,skin,50.0,[],,Skin
Q97671426,True,Skin,50.0,[],,Skin
Q96377210,True,Embryo,50.0,[],,Embryo
Q1059,True,immune system,100.0,anatomical system,Q188193,Immune system
Q11498334,True,Zygote,50.0,[],,Zygote
Q9377,True,kidney,100.0,anatomical structure,Q4936952,Kidney
Q66566650,True,vasculature,100.0,anatomical structure,Q4936952,Vasculature
Q25615,True,connective tissue,50.0,[],,Connective tissue
Q11893325,True,Connective tissue,50.0,[],,Connective tissue
Q1059,True,immune system,100.0,anatomical system,Q188193,Immune system
Q1059,True,immune system,100.0,anatomical system,Q188193,Immune system
Q9368,True,liver,100.0,anatomical structure,Q4936952,Liver
Q9618,True,pancreas,100.0,gland,Q9647,Pancreas
Q1059,True,immune system,100.0,anatomical system,Q188193,Immune system
Q11829360,True,gastrointestinal tract,100.0,anatomical structure,Q4936952,GI tract
Q25615,True,connective tissue,50.0,[],,Connective tissue
Q11893325,True,Connective tissue,50.0,[],,Connective tissue
Q11829360,True,gastrointestinal tract,100.0,anatomical structure,Q4936952,GI tract
Q1074,True,skin,100.0,anatomical structure,Q4936952,Skin
Q1059,True,immune system,100.0,anatomical system,Q188193,Immune system
Q9368,True,liver,100.0,anatomical structure,Q4936952,Liver
Q9377,True,kidney,100.0,anatomical structure,Q4936952,Kidney
Q9618,True,pancreas,100.0,gland,Q9647,Pancreas
Q7364,True,eye,100.0,anatomical structure,Q4936952,Eye
Q1059,True,immune system,100.0,anatomical system,Q188193,Immune system
Q9377,True,kidney,100.0,anatomical structure,Q4936952,Kidney
Q163987,True,thymus,100.0,anatomical structure,Q4936952,Thymus
Q9382,True,urinary bladder,100.0,anatomical structure,Q4936952,Urinary bladder
Q16399,True,thyroid gland,100.0,anatomical structure,Q4936952,Thyroid
Q9618,True,pancreas,100.0,gland,Q9647,Pancreas
Q9368,True,liver,100.0,anatomical structure,Q4936952,Liver
Q11829360,True,gastrointestinal tract,100.0,anatomical structure,Q4936952,GI tract
Q9368,True,liver,100.0,anatomical structure,Q4936952,Liver
Q9377,True,kidney,100.0,anatomical structure,Q4936952,Kidney
Q25615,True,connective tissue,50.0,[],,Connective tissue
Q11893325,True,Connective tissue,50.0,[],,Connective tissue
Q1059,True,immune system,100.0,anatomical system,Q188193,Immune system
Q1059,True,immune system,100.0,anatomical system,Q188193,Immune system
Q66566650,True,vasculature,100.0,anatomical structure,Q4936952,Vasculature
Q9618,True,pancreas,100.0,gland,Q9647,Pancreas
Q9368,True,liver,100.0,anatomical structure,Q4936952,Liver
Q11829360,True,gastrointestinal tract,100.0,anatomical structure,Q4936952,GI tract
Q9368,True,liver,100.0,anatomical structure,Q4936952,Liver
Q1074,True,skin,100.0,anatomical structure,Q4936952,Skin
Q1074,True,skin,100.0,anatomical structure,Q4936952,Skin
Q9377,True,kidney,100.0,anatomical structure,Q4936952,Kidney
Q9377,True,kidney,100.0,anatomical structure,Q4936952,Kidney
Q1059,True,immune system,100.0,anatomical system,Q188193,Immune system
Q66566650,True,vasculature,100.0,anatomical structure,Q4936952,Vasculature
Q7364,True,eye,100.0,anatomical structure,Q4936952,Eye
Q9618,True,pancreas,100.0,gland,Q9647,Pancreas
Q1120914,True,placenta,100.0,plant structure,Q20011319,Placenta
Q1212935,True,placenta,100.0,organ,Q712378,Placenta
Q9618,True,pancreas,100.0,gland,Q9647,Pancreas
Q66566650,True,vasculature,100.0,anatomical structure,Q4936952,Vasculature
Q66566650,True,vasculature,100.0,anatomical structure,Q4936952,Vasculature
Q11829360,True,gastrointestinal tract,100.0,anatomical structure,Q4936952,GI tract
Q11829360,True,gastrointestinal tract,100.0,anatomical structure,Q4936952,GI tract
Q9618,True,pancreas,100.0,gland,Q9647,Pancreas
Q1059,True,immune system,100.0,anatomical system,Q188193,Immune system
Q9377,True,kidney,100.0,anatomical structure,Q4936952,Kidney
Q1059,True,immune system,100.0,anatomical system,Q188193,Immune system
Q11829360,True,gastrointestinal tract,100.0,anatomical structure,Q4936952,GI tract
Q1054094,True,olfactory system,100.0,anatomical system,Q188193,Olfactory system
Q9368,True,liver,100.0,anatomical structure,Q4936952,Liver
Q11829360,True,gastrointestinal tract,100.0,anatomical structure,Q4936952,GI tract
Q9618,True,pancreas,100.0,gland,Q9647,Pancreas
Q1059,True,immune system,100.0,anatomical system,Q188193,Immune system
Q1059,True,immune system,100.0,anatomical system,Q188193,Immune system
Q11829360,True,gastrointestinal tract,100.0,anatomical structure,Q4936952,GI tract
Q1074,True,skin,100.0,anatomical structure,Q4936952,Skin
Q712294,True,adrenal gland,100.0,anatomical structure,Q4936952,Adrenal glands
